<?xml version="1.0" encoding="UTF-8" standalone="yes"?>
<manifest>
  <control namespace="ClarityNameSpace" constructor="ClarityCodeSnippet" version="1.0.0" display-name-key="ClarityCodeSnippet" description-key="Clarity Component to track your app screen" control-type="standard" api-version="1.3.4">
    <property name="YourClarityProjectID" display-name-key="bihyolfhem" description-key="bihyolfhem" of-type="SingleLine.Text" usage="bound" required="true"/>
    <external-service-usage enabled="false"/>
    <resources>
      <code path="bundle.js" order="1"/>
    </resources>
    <built-by name="pac" version="1.14.2"/>
  </control>
</manifest>